{
  "solarSystemID": 30002974,
  "systemName": "Mehatoor",
  "props": [
    {
      "itemID": "9002277293000000338",
      "description": "TQ captured Imperial Quartermaster Trader in Mehatoor.",
      "kind": "authoredSpaceProp",
      "typeID": 93547,
      "ownerID": 500003,
      "groupID": 226,
      "categoryID": 2,
      "mode": "RIGID",
      "radius": 20000,
      "flagsByte": 2,
      "position": {
        "x": 248403763200,
        "y": 122880,
        "z": 81052528160
      },
      "dunPosition": {
        "x": 0,
        "y": 0,
        "z": 20000
      },
      "dunRotation": [
        0.000053814426792087033,
        0,
        0
      ],
      "dungeonObjectID": 1492060,
      "dunObjectID": 1492060,
      "dunObjectNameID": null,
      "objectiveTargetGroup": null,
      "nameID": null,
      "itemName": "",
      "slimName": "",
      "staticVisibilityScope": "publicgrid"
    },
    {
      "itemID": "9002277293000000377",
      "description": "TQ captured Invisible Cloud Amarr HQ System (DO NOT TRANSLATE) in Mehatoor.",
      "kind": "authoredSpaceProp",
      "typeID": 75292,
      "ownerID": 500003,
      "groupID": 227,
      "categoryID": 2,
      "mode": "RIGID",
      "radius": 500,
      "flagsByte": 2,
      "position": {
        "x": -68370063298.20038,
        "y": 1586257954.6567383,
        "z": -144333987816.19952
      },
      "dunPosition": {
        "x": 61.79962158203125,
        "y": 34.65673828125,
        "z": 23.80047607421875
      },
      "dunRotation": [
        184.36886596679688,
        -9.884580612182617,
        1.731475830078125
      ],
      "dungeonObjectID": 1159402,
      "dunObjectID": 1159402,
      "dunObjectNameID": null,
      "objectiveTargetGroup": null,
      "nameID": null,
      "itemName": "",
      "slimName": "",
      "staticVisibilityScope": "publicgrid"
    },
    {
      "itemID": "9002277293000000378",
      "description": "TQ captured Amarr Gate State Medium in Mehatoor.",
      "kind": "authoredSpaceProp",
      "typeID": 73843,
      "ownerID": 500003,
      "groupID": 1975,
      "categoryID": 2,
      "mode": "RIGID",
      "radius": 1,
      "flagsByte": 2,
      "position": {
        "x": -68370064180.09277,
        "y": 1586257631.714508,
        "z": -144333987188.33398
      },
      "dunPosition": {
        "x": -820.0927734375,
        "y": -288.2854919433594,
        "z": 651.666015625
      },
      "dunRotation": [
        137.74623107910156,
        -1.3330563319868816e-7,
        -5.084809906463761e-9
      ],
      "dungeonObjectID": 1159404,
      "dunObjectID": 1159404,
      "dunObjectNameID": null,
      "objectiveTargetGroup": null,
      "nameID": null,
      "itemName": "",
      "slimName": "",
      "staticVisibilityScope": "publicgrid"
    },
    {
      "itemID": "9002277293000000379",
      "description": "TQ captured Amarr Gate State Medium in Mehatoor.",
      "kind": "authoredSpaceProp",
      "typeID": 73843,
      "ownerID": 500003,
      "groupID": 1975,
      "categoryID": 2,
      "mode": "RIGID",
      "radius": 1,
      "flagsByte": 2,
      "position": {
        "x": 586844529667.9119,
        "y": -13658480640.001953,
        "z": 1959569067.418213
      },
      "dunPosition": {
        "x": 1027.911865234375,
        "y": -0.001953125,
        "z": 1707.418212890625
      },
      "dunRotation": [
        128.63844299316406,
        -0.0000021414509774331236,
        0.000001911544359245454
      ],
      "dungeonObjectID": 1159410,
      "dunObjectID": 1159410,
      "dunObjectNameID": null,
      "objectiveTargetGroup": null,
      "nameID": null,
      "itemName": "",
      "slimName": "",
      "staticVisibilityScope": "publicgrid"
    },
    {
      "itemID": "9002277293000000380",
      "description": "TQ captured Invisible Cloud Amarr HQ System (DO NOT TRANSLATE) in Mehatoor.",
      "kind": "authoredSpaceProp",
      "typeID": 75292,
      "ownerID": 500003,
      "groupID": 227,
      "categoryID": 2,
      "mode": "RIGID",
      "radius": 500,
      "flagsByte": 2,
      "position": {
        "x": 586844528610.63,
        "y": -13658480647.56445,
        "z": 1959567321.4437253
      },
      "dunPosition": {
        "x": -29.370025634765625,
        "y": -7.564453125,
        "z": -38.5562744140625
      },
      "dunRotation": [
        179.9982147216797,
        0.00009036013943841681,
        0.0013903691433370113
      ],
      "dungeonObjectID": 1159413,
      "dunObjectID": 1159413,
      "dunObjectNameID": null,
      "objectiveTargetGroup": null,
      "nameID": null,
      "itemName": "",
      "slimName": "",
      "staticVisibilityScope": "publicgrid"
    },
    {
      "itemID": "9002277293000000591",
      "description": "TQ captured Amarr Navy Medium Structure 05a in Mehatoor.",
      "kind": "authoredSpaceProp",
      "typeID": 73929,
      "ownerID": 500003,
      "groupID": 1975,
      "categoryID": 2,
      "mode": "RIGID",
      "radius": 15000,
      "flagsByte": 2,
      "position": {
        "x": 586839930897.9766,
        "y": -13664405446.972656,
        "z": 1949316811.9765625
      },
      "dunPosition": {
        "x": 71697.9765625,
        "y": -26566.97265625,
        "z": 71371.9765625
      },
      "dunRotation": null,
      "dungeonObjectID": 1172255,
      "dunObjectID": 1172255,
      "dunObjectNameID": null,
      "objectiveTargetGroup": null,
      "nameID": null,
      "itemName": "",
      "slimName": "",
      "staticVisibilityScope": "publicgrid"
    },
    {
      "itemID": "9002277293000000592",
      "description": "TQ captured Amarr Navy Medium Structure 03a in Mehatoor.",
      "kind": "authoredSpaceProp",
      "typeID": 73927,
      "ownerID": 500003,
      "groupID": 1975,
      "categoryID": 2,
      "mode": "RIGID",
      "radius": 20000,
      "flagsByte": 2,
      "position": {
        "x": 586839840370.3848,
        "y": -13664400341.210938,
        "z": 1949259271.0517578
      },
      "dunPosition": {
        "x": -18829.615234375,
        "y": -21461.2109375,
        "z": 13831.0517578125
      },
      "dunRotation": null,
      "dungeonObjectID": 1172256,
      "dunObjectID": 1172256,
      "dunObjectNameID": null,
      "objectiveTargetGroup": null,
      "nameID": null,
      "itemName": "",
      "slimName": "",
      "staticVisibilityScope": "publicgrid"
    },
    {
      "itemID": "9002277293000000593",
      "description": "TQ captured Amarr Navy Station 01 in Mehatoor.",
      "kind": "authoredSpaceProp",
      "typeID": 76453,
      "ownerID": 500003,
      "groupID": 1975,
      "categoryID": 2,
      "mode": "RIGID",
      "radius": 50000,
      "flagsByte": 2,
      "position": {
        "x": 586839975970.6484,
        "y": -13664426711.988281,
        "z": 1949304457.9257812
      },
      "dunPosition": {
        "x": 116770.6484375,
        "y": -47831.98828125,
        "z": 59017.92578125
      },
      "dunRotation": null,
      "dungeonObjectID": 1172039,
      "dunObjectID": 1172039,
      "dunObjectNameID": null,
      "objectiveTargetGroup": null,
      "nameID": null,
      "itemName": "",
      "slimName": "",
      "staticVisibilityScope": "publicgrid"
    },
    {
      "itemID": "9002277293000000594",
      "description": "TQ captured Amarr Navy ring 35k 01c in Mehatoor.",
      "kind": "authoredSpaceProp",
      "typeID": 73993,
      "ownerID": 500003,
      "groupID": 1975,
      "categoryID": 2,
      "mode": "RIGID",
      "radius": 40000,
      "flagsByte": 2,
      "position": {
        "x": 586839838981.7324,
        "y": -13664403248.91211,
        "z": 1949257897.5263672
      },
      "dunPosition": {
        "x": -20218.267578125,
        "y": -24368.912109375,
        "z": 12457.5263671875
      },
      "dunRotation": [
        315.3138122558594,
        0,
        0
      ],
      "dungeonObjectID": 1172257,
      "dunObjectID": 1172257,
      "dunObjectNameID": null,
      "objectiveTargetGroup": null,